ID,Name,Gene Name,GenBank Protein ID,GenBank Gene ID,UniProt ID,Uniprot Title,PDB ID,GeneCard ID,GenAtlas ID,HGNC ID,Species,Drug IDs
12,Voltage-dependent T-type calcium channel subunit alpha-1I,CACNA1I,5565888,AF129133,Q9P0X4,CAC1I_HUMAN,"",,CACNA1I,HGNC:1396,Humans,DB09498
24,Amiloride-sensitive sodium channel subunit beta,SCNN1B,1004271,X87159,P51168,SCNNB_HUMAN,"",,SCNN1B,HGNC:10600,Humans,DB14509
30,Cystine/glutamate transporter,SLC7A11,5668545,AB026891,Q9UPY5,XCT_HUMAN,"",,SLC7A11,HGNC:11059,Humans,DB01098; DB04348; DB05540; DB08833; DB08834
47,Solute carrier family 12 member 5,SLC12A5,12003227,AF208159,Q9H2X9,S12A5_HUMAN,"",,SLC12A5,HGNC:13818,Humans,DB00761
76,SEC14-like protein 4,SEC14L4,27803380,AY158085,Q9UDX3,S14L4_HUMAN,4TLG,,SEC14L4,HGNC:20627,Humans,DB11251; DB11635; DB14003
85,Ferritin light chain,FTL,182514,M11147,P02792,FRIL_HUMAN,2FFX; 2FG4; 2FG8; 3KXU; 4V6B,,FTL,HGNC:3999,Humans,DB06215; DB06784
90,Potassium voltage-gated channel subfamily H member 2,KCNH2,487738,U04270,Q12809,KCNH2_HUMAN,1BYW; 1UJL; 2L0W; 2L1M; 2L4R; 2LE7; 4HP9; 4HQA,,KCNH2,HGNC:6251,Humans,DB12364
94,Sodium-dependent multivitamin transporter,SLC5A6,5006439,AF116241,Q9Y289,SC5A6_HUMAN,"",,SLC5A6,HGNC:11041,Humans,DB00121; DB08872
106,Solute carrier family 22 member 5,SLC22A5,3273741,AF057164,O76082,S22A5_HUMAN,"",,SLC22A5,HGNC:10969,Humans,DB00122; DB00125; DB00148; DB00152; DB00182; DB00184; DB00281; DB00313; DB00332; DB00345; DB00365; DB00368; DB00415; DB00438; DB00456; DB00468; DB00501; DB00535; DB00536; DB00567; DB00575; DB00583; DB00627; DB00661; DB00671; DB00689; DB00695; DB00908; DB00970; DB00978; DB00983; DB00988; DB01000; DB01032; DB01035; DB01053; DB01059; DB01075; DB01140; DB01151; DB01165; DB01208; DB01333; DB01409; DB01413; DB01577; DB03128; DB04133; DB04630; DB05381; DB06691; DB08795; DB08837; DB08842; DB09237; DB14006; DB14754
119,ATP-binding cassette sub-family A member 1,ABCA1,9247086,AF275948,O95477,ABCA1_HUMAN,"",,ABCA1,HGNC:29,Humans,DB00163; DB00675; DB11635
140,Solute carrier family 12 member 6,SLC12A6,6693798,AF116242,Q9UHW9,S12A6_HUMAN,"",,SLC12A6,HGNC:10914,Humans,DB00761
168,Solute carrier family 23 member 1,SLC23A1,3789785,AF058317,Q9UHI7,S23A1_HUMAN,"",,SLC23A1,HGNC:10974,Humans,DB00126
178,Monocarboxylate transporter 8,SLC16A2,458255,U05321,P36021,MOT8_HUMAN,"",,SLC16A2,HGNC:10923,Humans,DB00135; DB00149; DB00150; DB00451; DB01583; DB09100
189,Scavenger receptor class B member 1,SCARB1,397607,Z22555,Q8WTV0,SCRB1_HUMAN,"",,SCARB1,HGNC:1664,Humans,DB00163; DB11251; DB11635; DB14003
190,Amiloride-sensitive sodium channel subunit alpha,SCNN1A,452650,X76180,P37088,SCNNA_HUMAN,2M3O,,SCNN1A,HGNC:10599,Humans,DB14509
222,Large neutral amino acids transporter small subunit 1,SLC7A5,3639058,AF077866,Q01650,LAT1_HUMAN,"",,SLC7A5,HGNC:11063,Humans,DB00130; DB00230; DB00279; DB00451; DB00509; DB00996; DB01042; DB01235; DB01746; DB02556; DB02750; DB09100
236,Neutral amino acid transporter B(0),SLC1A5,1478281,U53347,Q15758,AAAT_HUMAN,"",,SLC1A5,HGNC:10943,Humans,DB00130
238,Transcobalamin-1,TCN1,307479,J05068,P20061,TCO1_HUMAN,2CKV; 4KKI; 4KKJ,,TCN1,HGNC:11652,Humans,DB00115
249,Sodium- and chloride-dependent GABA transporter 1,SLC6A1,31658,X54673,P30531,SC6A1_HUMAN,"",,SLC6A1,HGNC:11042,Humans,DB00349
256,SEC14-like protein 2,SEC14L2,5596693,AL096881,O76054,S14L2_HUMAN,1O6U; 1OLM; 4OMJ; 4OMK,,SEC14L2,HGNC:10699,Humans,DB11251; DB11635; DB14003
271,Folate receptor beta,FOLR2,1655592,X69516,P14207,FOLR2_HUMAN,4KMY; 4KMZ; 4KN0; 4KN1; 4KN2,,FOLR2,HGNC:3793,Humans,DB00563
276,Solute carrier family 12 member 7,SLC12A7,5106521,AF105365,Q9Y666,S12A7_HUMAN,"",,SLC12A7,HGNC:10915,Humans,DB00761
281,Solute carrier family 12 member 2,SLC12A2,903682,U30246,P55011,S12A2_HUMAN,"",,SLC12A2,HGNC:10911,Humans,DB00761; DB11098
285,Sodium-coupled neutral amino acid transporter 3,SLC38A3,10242111,AF244548,Q99624,S38A3_HUMAN,"",,SLC38A3,HGNC:18044,Humans,DB00130
339,SEC14-like protein 3,SEC14L3,27803382,AY158086,Q9UDX4,S14L3_HUMAN,4UYB,,SEC14L3,HGNC:18655,Humans,DB11251; DB11635; DB14003
340,Protein amnionless,AMN,13507259,AF328788,Q9BXJ7,AMNLS_HUMAN,"",,AMN,HGNC:14604,Humans,DB00115
353,Acid-sensing ion channel 1,ASIC1,1871168,U78180,P78348,ASIC1_HUMAN,"",,ACCN2,HGNC:100,Humans,DB00586
362,Transcobalamin-2,TCN2,339196,M60396,P20062,TCO2_HUMAN,2BB5,,TCN2,HGNC:11653,Humans,DB00115
399,Ferritin heavy chain,FTH1,28435,X00318,P02794,FRIH_HUMAN,1FHA; 2CEI; 2CHI; 2CIH; 2CLU; 2CN6; 2CN7; 2FHA; 2IU2; 2Z6M; 3AJO; 3AJP; 3AJQ; 3ERZ; 3ES3; 4DYX; 4DYY; 4DYZ; 4DZ0; 4OYN; 4Y08; 4YKH; 4ZJK; 5CMQ; 5CMR,,FTH1,HGNC:3976,Humans,DB06215; DB06784
423,Sodium- and chloride-dependent neutral and basic amino acid transporter B(0+),SLC6A14,5732680,AF151978,Q9UN76,S6A14_HUMAN,"",,SLC6A14,HGNC:11047,Humans,DB00130; DB00577; DB01610; DB03929
440,Monocarboxylate transporter 2,SLC16A7,3047402,AF058056,O60669,MOT2_HUMAN,"",,SLC16A7,HGNC:10928,Humans,DB00119; DB01032; DB01440; DB01762; DB03066; DB03773; DB04074; DB04216; DB04398; DB04552
447,Solute carrier family 13 member 2,SLC13A2,1098557,U26209,Q13183,S13A2_HUMAN,"",,SLC13A2,HGNC:10917,Humans,DB09154
449,Monocarboxylate transporter 4,SLC16A3,2463634,U81800,O15427,MOT4_HUMAN,"",,SLC16A3,HGNC:10924,Humans,DB00119; DB00627; DB01440; DB01762; DB01942; DB03066; DB03884; DB03940; DB04074; DB04343; DB04398
486,Sodium-dependent noradrenaline transporter,SLC6A2,189258,M65105,P23975,SC6A2_HUMAN,"",,SLC6A2,HGNC:11048,Humans,DB00368; DB00540; DB00721; DB00852; DB01454; DB06262; DB06704; DB09194; DB09363; DB09546
497,Amiloride-sensitive sodium channel subunit gamma,SCNN1G,1004273,X87160,P51170,SCNNG_HUMAN,"",,SCNN1G,HGNC:10602,Humans,DB14509
502,Solute carrier family 12 member 1,SLC12A1,1373425,U58130,Q13621,S12A1_HUMAN,"",,SLC12A1,HGNC:10910,Humans,DB00761; DB11098; DB13620; DB14500
508,Cellular retinoic acid-binding protein 1,CRABP1,241542,S74445,P29762,RABP1_HUMAN,"",,CRABP1,HGNC:2338,Humans,DB00755
510,Serotransferrin,TF,339453,M12530,P02787,TRFE_HUMAN,1A8E; 1A8F; 1B3E; 1BP5; 1BTJ; 1D3K; 1D4N; 1DTG; 1FQE; 1FQF; 1JQF; 1N7W; 1N7X; 1N84; 1OQG; 1OQH; 1RYO; 1SUV; 2HAU; 2HAV; 2O7U; 2O84; 3FGS; 3QYT; 3S9L; 3S9M; 3S9N; 3SKP; 3V83; 3V89; 3V8X; 3VE1; 4H0W; 4X1B; 4X1D,,TF,HGNC:11740,Humans,DB06215
530,Serum albumin,ALB,28590,V00494,P02768,ALBU_HUMAN,1AO6; 1BJ5; 1BKE; 1BM0; 1E78; 1E7A; 1E7B; 1E7C; 1E7E; 1E7F; 1E7G; 1E7H; 1E7I; 1GNI; 1GNJ; 1H9Z; 1HA2; 1HK1; 1HK2; 1HK3; 1HK4; 1HK5; 1N5U; 1O9X; 1TF0; 1UOR; 1YSX; 2BX8; 2BXA; 2BXB; 2BXC; 2BXD; 2BXE; 2BXF; 2BXG; 2BXH; 2BXI; 2BXK; 2BXL; 2BXM; 2BXN; 2BXO; 2BXP; 2BXQ; 2ESG; 2I2Z; 2I30; 2N0X; 2VDB; 2VUE; 2VUF; 2XSI; 2XVQ; 2XVU; 2XVV; 2XVW; 2XW0; 2XW1; 2YDF; 3A73; 3B9L; 3B9M; 3CX9; 3JQZ; 3JRY; 3LU6; 3LU7; 3LU8; 3SQJ; 3TDL; 3UIV; 4BKE; 4E99; 4EMX; 4G03; 4G04; 4HGK; 4HGM; 4IW1; 4IW2; 4K2C; 4K71; 4L8U; 4L9K; 4L9Q; 4LA0; 4LB2; 4LB9; 4N0F; 4N0U; 4S1Y,,ALB,HGNC:399,Humans,DB06778
536,Proton-coupled amino acid transporter 1,SLC36A1,31324239,AF516142,Q7Z2H8,S36A1_HUMAN,"",,SLC36A1,HGNC:18761,Humans,DB00145; DB00563; DB00659; DB01080; DB01956; DB02530; DB02853; DB06554; DB08835; DB08847; DB08849
601,Solute carrier family 12 member 4,SLC12A4,1399212,U55054,Q9UP95,S12A4_HUMAN,"",,SLC12A4,HGNC:10913,Humans,DB00761
643,Alpha-tocopherol transfer protein,TTPA,699601,D49488,P49638,TTPA_HUMAN,1OIP; 1OIZ; 1R5L,,TTPA,HGNC:12404,Humans,DB11251; DB11635; DB14003
647,Sodium-dependent dopamine transporter,SLC6A3,553260,M96670,Q01959,SC6A3_HUMAN,"",,SLC6A3,HGNC:11049,Humans,DB00721; DB00852; DB00907; DB01454; DB01576; DB08824; DB09194
669,Monocarboxylate transporter 1,SLC16A1,561722,L31801,P53985,MOT1_HUMAN,"",,SLC16A1,HGNC:10922,Humans,DB00119; DB00142; DB00175; DB00313; DB00345; DB00415; DB00529; DB00563; DB00627; DB00731; DB00936; DB01032; DB01440; DB01762; DB03066; DB03166; DB03773; DB03793; DB04074; DB04216; DB04348; DB04398; DB04552; DB08892
696,High affinity choline transporter 1,SLC5A7,10998442,AF276871,Q9GZV3,SC5A7_HUMAN,"",,SLC5A7,HGNC:14025,Humans,DB00122; DB14006
703,Bile salt export pump,ABCB11,3873243,AF091582,O95342,ABCBB_HUMAN,"",,ABCB11,HGNC:42,Humans,DB00091; DB00175; DB00176; DB00197; DB00199; DB00206; DB00220; DB00222; DB00224; DB00227; DB00243; DB00255; DB00257; DB00270; DB00275; DB00301; DB00328; DB00335; DB00342; DB00390; DB00396; DB00412; DB00421; DB00439; DB00455; DB00477; DB00482; DB00501; DB00503; DB00541; DB00559; DB00570; DB00572; DB00586; DB00619; DB00622; DB00625; DB00637; DB00641; DB00675; DB00678; DB00693; DB00694; DB00698; DB00788; DB00822; DB00833; DB00834; DB00845; DB00908; DB00911; DB00912; DB00932; DB00966; DB00973; DB00975; DB00977; DB00997; DB01015; DB01016; DB01023; DB01026; DB01039; DB01045; DB01054; DB01067; DB01072; DB01076; DB01098; DB01115; DB01118; DB01138; DB01149; DB01165; DB01174; DB01211; DB01222; DB01229; DB01232; DB01234; DB01586; DB01601; DB02123; DB02659; DB02703; DB03619; DB04348; DB05804; DB05990; DB06290; DB08860; DB09078; DB09374; DB12070; DB12319; DB12712; DB13345; DB13751; DB14057
730,Mitochondrial folate transporter/carrier,SLC25A32,11545417,AF283645,Q9H2D1,MFTC_HUMAN,"",,SLC25A32,HGNC:29683,Humans,DB00158
732,Sodium/potassium-transporting ATPase subunit alpha-1,ATP1A1,219942,D00099,P05023,AT1A1_HUMAN,"",,ATP1A1,HGNC:799,Humans,DB13620; DB14500
739,Ryanodine receptor 1,RYR1,337722,J05200,P21817,RYR1_HUMAN,"",,RYR1,HGNC:10483,Humans,DB11093; DB11348; DB14481
749,Sodium-dependent serotonin transporter,SLC6A4,36433,X70697,P31645,SC6A4_HUMAN,"",,SLC6A4,HGNC:11050,Humans,DB00370; DB00721; DB00852; DB01079; DB01454; DB09194
752,Sodium/hydrogen exchanger 1,SLC9A1,178753,M81768,P19634,SL9A1_HUMAN,1Y4E; 2BEC; 2E30; 2HTG; 2KBV; 2L0E; 2MDF; 2YGG,,SLC9A1,HGNC:11071,Humans,DB01043
757,Solute carrier family 22 member 4,SLC22A4,2605501,AB007448,Q9H015,S22A4_HUMAN,"",,SLC22A4,HGNC:10968,Humans,DB00122; DB00123; DB00125; DB00127; DB00184; DB00332; DB00345; DB00458; DB00468; DB00501; DB00536; DB00575; DB00583; DB00594; DB00661; DB00908; DB00983; DB00987; DB01035; DB01043; DB01053; DB01137; DB01151; DB01165; DB01409; DB01917; DB03566; DB06691; DB08837; DB13943; DB13944; DB13946; DB14006; DB14754
782,Cellular retinoic acid-binding protein 2,CRABP2,181026,M68867,P29373,RABP2_HUMAN,1BLR; 1BM5; 1CBQ; 1CBS; 1XCA; 2CBS; 2FR3; 2FRS; 2FS6; 2FS7; 2G78; 2G79; 2G7B; 3CBS; 3CR6; 3CWK; 3D95; 3D96; 3D97; 3F8A; 3F9D; 3FA6; 3FA7; 3FA8; 3FA9; 3FEK; 3FEL; 3FEN; 3FEP; 3I17; 4I9R; 4I9S; 4M6S; 4M7M; 4QGV; 4QGW; 4QGX,,CRABP2,HGNC:2339,Humans,DB00755
785,Multidrug resistance-associated protein 1,ABCC1,1835659,L05628,P33527,MRP1_HUMAN,2CBZ; 4C3Z,,ABCC1,HGNC:51,Humans,DB00115; DB00143; DB00224; DB00286; DB00328; DB00345; DB00365; DB00396; DB00399; DB00445; DB00503; DB00541; DB00563; DB00570; DB00586; DB00602; DB00661; DB00693; DB00694; DB00701; DB00709; DB00762; DB00773; DB00834; DB00970; DB00997; DB01016; DB01032; DB01045; DB01050; DB01072; DB01076; DB01138; DB01165; DB01174; DB01177; DB01204; DB01229; DB01232; DB01248; DB01645; DB01708; DB02375; DB02659; DB03467; DB03825; DB04216; DB04348; DB05294; DB05812; DB06335; DB08868; DB08881; DB09061; DB09161; DB09213; DB13783; DB14009; DB14011; DB14962
789,Large neutral amino acids transporter small subunit 2,SLC7A8,6642960,AF171669,Q9UHI5,LAT2_HUMAN,"",,SLC7A8,HGNC:11066,Humans,DB00130; DB01235; DB02750
802,Niemann-Pick C1-like protein 1,NPC1L1,6643036,AF192522,Q9UHC9,NPCL1_HUMAN,3QNT,,NPC1L1,HGNC:7898,Humans,DB00163; DB11635
879,Solute carrier family 22 member 11,SLC22A11,7707622,AB026116,Q9NSA0,S22AB_HUMAN,"",,SLC22A11,HGNC:18120,Humans,DB00168; DB00175; DB00286; DB00328; DB00345; DB00456; DB00493; DB00495; DB00501; DB00554; DB00563; DB00586; DB00595; DB00695; DB00759; DB00783; DB00812; DB00887; DB00917; DB00936; DB00999; DB01009; DB01032; DB01050; DB01051; DB01053; DB01160; DB01212; DB01326; DB01327; DB01329; DB03553; DB04133; DB04519; DB06282; DB08846; DB09213; DB12377; DB13952; DB13953; DB13954; DB13955; DB13956
884,Excitatory amino acid transporter 2,SLC1A2,487341,U03505,P43004,EAA2_HUMAN,"",,SLC1A2,HGNC:10940,Humans,DB08868
893,"Solute carrier family 2, facilitated glucose transporter member 4",SLC2A4,307076,M20747,P14672,GTR4_HUMAN,"",,SLC2A4,HGNC:11009,Humans,DB00126; DB01914; DB09341; DB09502
897,Potassium voltage-gated channel subfamily KQT member 2,KCNQ2,1841342,D82346,O43526,KCNQ2_HUMAN,,,KCNQ2,HGNC:6296,Humans,DB00586
936,Cubilin,CUBN,3929529,AF034611,O60494,CUBN_HUMAN,3KQ4,,CUBN,HGNC:2548,Humans,DB00115
940,Sodium- and chloride-dependent glycine transporter 1,SLC6A9,546769,S70609,P48067,SC6A9_HUMAN,"",,SLC6A9,HGNC:11056,Humans,DB00145
942,Low-density lipoprotein receptor-related protein 2,LRP2,1809240,U33837,P98164,LRP2_HUMAN,2M0P,,LRP2,HGNC:6694,Humans,DB00115
963,Thiamine transporter 2,SLC19A3,12483888,AF271633,Q9BZV2,S19A3_HUMAN,"",,SLC19A3,HGNC:16266,Humans,DB00152
986,Sodium/calcium exchanger 1,SLC8A1,180673,M91368,P32418,NAC1_HUMAN,"",,SLC8A1,HGNC:11068,Humans,DB09498; DB11093; DB11348; DB14481
1004,Solute carrier organic anion transporter family member 1B1,SLCO1B1,5051630,AF060500,Q9Y6L6,SO1B1_HUMAN,"",,SLCO1B1,HGNC:10959,Humans,DB00091; DB00175; DB00177; DB00197; DB00199; DB00203; DB00206; DB00214; DB00220; DB00224; DB00227; DB00255; DB00257; DB00275; DB00279; DB00286; DB00328; DB00345; DB00390; DB00394; DB00396; DB00398; DB00412; DB00439; DB00451; DB00468; DB00481; DB00503; DB00509; DB00520; DB00541; DB00563; DB00570; DB00583; DB00586; DB00588; DB00602; DB00622; DB00641; DB00646; DB00655; DB00661; DB00669; DB00688; DB00701; DB00762; DB00783; DB00795; DB00834; DB00859; DB00864; DB00877; DB00908; DB00912; DB00917; DB00932; DB00950; DB00973; DB00975; DB00976; DB01026; DB01045; DB01051; DB01053; DB01072; DB01076; DB01092; DB01095; DB01098; DB01115; DB01132; DB01211; DB01232; DB01264; DB01393; DB01583; DB01590; DB01601; DB01645; DB01708; DB01892; DB02659; DB02691; DB02703; DB04216; DB04348; DB04850; DB04855; DB04868; DB05239; DB05804; DB05928; DB06151; DB06210; DB06290; DB06403; DB06589; DB06626; DB06721; DB06772; DB08855; DB08856; DB08857; DB08858; DB08860; DB08862; DB08864; DB08880; DB08884; DB08906; DB08912; DB09054; DB09065; DB09078; DB09102; DB09137; DB09198; DB09272; DB09279; DB09292; DB09297; DB09298; DB09299; DB11362; DB11575; DB11581; DB11586; DB11613; DB11753; DB11757; DB11837; DB11855; DB11869; DB11901; DB11936; DB11979; DB12026; DB12070; DB12319; DB12332; DB12457; DB12500; DB12941; DB12978; DB13139; DB13153; DB13867; DB13874; DB13878; DB13879; DB13919; DB13952; DB13953; DB13954; DB13955; DB13956; DB14962; DB15091; DB15328; DB15444
1018,Solute carrier family 15 member 1,SLC15A1,773588,U13173,P46059,S15A1_HUMAN,"",,SLC15A1,HGNC:10920,Humans,DB00178; DB00198; DB00211; DB00274; DB00415; DB00438; DB00447; DB00456; DB00485; DB00492; DB00493; DB00519; DB00535; DB00542; DB00563; DB00567; DB00577; DB00584; DB00671; DB00672; DB00691; DB00713; DB00722; DB00731; DB00790; DB00833; DB00855; DB00881; DB00968; DB01000; DB01016; DB01053; DB01060; DB01095; DB01112; DB01124; DB01140; DB01147; DB01197; DB01212; DB01235; DB01255; DB01332; DB01333; DB01340; DB01348; DB01413; DB01415; DB01610; DB01956; DB03424; DB08795; DB08836
1032,Multidrug resistance protein 1,ABCB1,307180,M14758,P08183,MDR1_HUMAN,"",,ABCB1,HGNC:40,Humans,DB00027; DB00091; DB00175; DB00176; DB00196; DB00199; DB00203; DB00206; DB00207; DB00213; DB00215; DB00216; DB00220; DB00224; DB00227; DB00234; DB00243; DB00246; DB00248; DB00252; DB00253; DB00255; DB00257; DB00273; DB00276; DB00279; DB00281; DB00285; DB00286; DB00295; DB00300; DB00316; DB00317; DB00320; DB00321; DB00328; DB00333; DB00334; DB00338; DB00341; DB00342; DB00343; DB00344; DB00349; DB00351; DB00358; DB00363; DB00365; DB00373; DB00381; DB00382; DB00390; DB00394; DB00396; DB00398; DB00401; DB00421; DB00428; DB00439; DB00440; DB00441; DB00443; DB00448; DB00451; DB00454; DB00455; DB00457; DB00458; DB00468; DB00470; DB00472; DB00476; DB00477; DB00480; DB00481; DB00482; DB00490; DB00495; DB00501; DB00502; DB00503; DB00508; DB00515; DB00518; DB00520; DB00523; DB00530; DB00537; DB00539; DB00540; DB00541; DB00555; DB00557; DB00563; DB00564; DB00570; DB00571; DB00575; DB00584; DB00585; DB00586; DB00588; DB00590; DB00602; DB00603; DB00608; DB00612; DB00613; DB00615; DB00619; DB00622; DB00623; DB00635; DB00637; DB00641; DB00648; DB00652; DB00655; DB00656; DB00661; DB00669; DB00675; DB00678; DB00688; DB00690; DB00694; DB00696; DB00698; DB00701; DB00709; DB00715; DB00717; DB00726; DB00734; DB00736; DB00741; DB00747; DB00751; DB00758; DB00762; DB00768; DB00773; DB00776; DB00783; DB00788; DB00796; DB00802; DB00813; DB00818; DB00829; DB00831; DB00834; DB00836; DB00845; DB00860; DB00862; DB00863; DB00864; DB00872; DB00875; DB00877; DB00882; DB00908; DB00909; DB00916; DB00921; DB00932; DB00945; DB00950; DB00957; DB00959; DB00966; DB00967; DB00970; DB00972; DB00973; DB00975; DB00977; DB00993; DB00997; DB01006; DB01016; DB01023; DB01026; DB01030; DB01037; DB01045; DB01050; DB01054; DB01069; DB01072; DB01076; DB01079; DB01086; DB01087; DB01100; DB01103; DB01104; DB01110; DB01115; DB01117; DB01118; DB01128; DB01136; DB01137; DB01142; DB01149; DB01151; DB01162; DB01167; DB01169; DB01174; DB01175; DB01182; DB01183; DB01184; DB01190; DB01193; DB01195; DB01196; DB01197; DB01200; DB01202; DB01203; DB01204; DB01208; DB01211; DB01212; DB01217; DB01222; DB01224; DB01229; DB01232; DB01233; DB01234; DB01239; DB01242; DB01244; DB01248; DB01253; DB01254; DB01259; DB01261; DB01263; DB01264; DB01267; DB01268; DB01323; DB01339; DB01340; DB01388; DB01394; DB01396; DB01418; DB01420; DB01583; DB01587; DB01590; DB01601; DB01611; DB01645; DB02010; DB02261; DB02587; DB02659; DB02901; DB03203; DB03467; DB03825; DB04216; DB04348; DB04540; DB04573; DB04630; DB04690; DB04832; DB04840; DB04851; DB04855; DB04868; DB04877; DB04881; DB04908; DB04960; DB05015; DB05039; DB05239; DB05294; DB05521; DB05676; DB05773; DB05889; DB05928; DB06176; DB06191; DB06207; DB06212; DB06228; DB06240; DB06287; DB06290; DB06292; DB06403; DB06414; DB06420; DB06448; DB06480; DB06589; DB06603; DB06605; DB06616; DB06626; DB06636; DB06670; DB06695; DB06702; DB06772; DB07565; DB08816; DB08820; DB08827; DB08828; DB08860; DB08864; DB08865; DB08868; DB08873; DB08874; DB08881; DB08882; DB08889; DB08893; DB08896; DB08899; DB08901; DB08906; DB08907; DB08910; DB08912; DB08916; DB08918; DB08930; DB08934; DB09027; DB09030; DB09034; DB09039; DB09048; DB09054; DB09063; DB09065; DB09073; DB09074; DB09075; DB09076; DB09078; DB09079; DB09099; DB09102; DB09161; DB09183; DB09198; DB09213; DB09237; DB09239; DB09241; DB09270; DB09280; DB09287; DB09291; DB09296; DB09297; DB09299; DB09330; DB11077; DB11251; DB11362; DB11363; DB11430; DB11544; DB11574; DB11575; DB11581; DB11586; DB11613; DB11633; DB11641; DB11652; DB11672; DB11689; DB11712; DB11732; DB11753; DB11757; DB11760; DB11770; DB11817; DB11827; DB11828; DB11855; DB11869; DB11901; DB11951; DB11952; DB11963; DB11978; DB11979; DB11986; DB11995; DB12001; DB12015; DB12026; DB12035; DB12070; DB12141; DB12147; DB12332; DB12364; DB12455; DB12457; DB12466; DB12483; DB12500; DB12582; DB12612; DB12799; DB12825; DB12836; DB12887; DB12923; DB12941; DB13007; DB13125; DB13179; DB13867; DB13874; DB13878; DB13879; DB13919; DB13943; DB13944; DB13946; DB13951; DB13952; DB13953; DB13954; DB13955; DB13956; DB14003; DB14057; DB14061; DB14062; DB14063; DB14064; DB14065; DB14066; DB14067; DB14069; DB14126; DB14146; DB14538; DB14539; DB14540; DB14541; DB14542; DB14543; DB14544; DB14568; DB14631; DB14635; DB14641; DB14723; DB14962; DB15035; DB15091; DB15233; DB15328; DB15444; DB15566
1042,Solute carrier organic anion transporter family member 2B1,SLCO2B1,5006263,AB026256,O94956,SO2B1_HUMAN,"",,SLCO2B1,HGNC:10962,Humans,DB00175; DB00206; DB00220; DB00224; DB00227; DB00255; DB00286; DB00313; DB00451; DB00471; DB00503; DB00530; DB00554; DB00627; DB00641; DB00655; DB00759; DB00770; DB00795; DB00917; DB00932; DB00936; DB00950; DB00975; DB01016; DB01045; DB01050; DB01051; DB01053; DB01072; DB01076; DB01088; DB01095; DB01098; DB01124; DB01149; DB01167; DB01232; DB01645; DB01708; DB02746; DB03166; DB03467; DB03793; DB03902; DB04216; DB04272; DB04348; DB04398; DB05804; DB05928; DB06290; DB08860; DB08862; DB09213; DB09298; DB11586; DB11591; DB11611; DB11613; DB11660; DB11753; DB12319; DB12978; DB13952; DB13953; DB13954; DB13955; DB13956
1045,"Solute carrier family 2, facilitated glucose transporter member 2",SLC2A2,307125,J03810,P11168,GTR2_HUMAN,"",,SLC2A2,HGNC:11006,Humans,DB01914; DB09341; DB09344; DB09502
1048,Proton-coupled folate transporter,SLC46A1,16549261,AK054669,Q96NT5,PCFT_HUMAN,"",,SLC46A1,HGNC:30521,Humans,DB00158; DB00563; DB00795; DB08878; DB11256
1054,Excitatory amino acid transporter 3,SLC1A1,507898,U08989,P43005,EAA3_HUMAN,"",,SLC1A1,HGNC:10939,Humans,DB00230
1057,"Solute carrier family 2, facilitated glucose transporter member 1",SLC2A1,183303,K03195,P11166,GTR1_HUMAN,1SUK; 4PYP,,SLC2A1,HGNC:11005,Humans,DB00126; DB01914; DB08830; DB08831; DB09341; DB09502
1059,Choline transporter-like protein 1,SLC44A1,19571182,AJ245620,Q8WWI5,CTL1_HUMAN,"",,SLC44A1,HGNC:18798,Humans,DB00122; DB14006
1061,Canalicular multispecific organic anion transporter 2,ABCC3,3132270,AB010887,O15438,MRP3_HUMAN,"",,ABCC3,HGNC:54,Humans,DB00143; DB00158; DB00286; DB00328; DB00338; DB00481; DB00515; DB00541; DB00544; DB00563; DB00661; DB00709; DB00773; DB00950; DB00973; DB00997; DB01011; DB01016; DB01032; DB01045; DB01069; DB01115; DB01138; DB01174; DB02659; DB04348; DB05928; DB08884; DB11936
1066,Solute carrier family 22 member 6,SLC22A6,3831566,AF057039,Q4U2R8,S22A6_HUMAN,"",,hROAT1,HGNC:10970,Humans,DB00091; DB00140; DB00155; DB00158; DB00168; DB00175; DB00229; DB00254; DB00286; DB00300; DB00311; DB00313; DB00319; DB00328; DB00345; DB00365; DB00369; DB00432; DB00438; DB00446; DB00456; DB00493; DB00495; DB00500; DB00501; DB00520; DB00529; DB00535; DB00554; DB00563; DB00567; DB00577; DB00578; DB00584; DB00586; DB00595; DB00605; DB00606; DB00607; DB00649; DB00654; DB00672; DB00678; DB00693; DB00695; DB00703; DB00709; DB00712; DB00718; DB00731; DB00749; DB00759; DB00770; DB00774; DB00779; DB00787; DB00788; DB00798; DB00812; DB00819; DB00821; DB00827; DB00861; DB00880; DB00887; DB00900; DB00903; DB00917; DB00927; DB00936; DB00939; DB00943; DB00945; DB00999; DB01004; DB01009; DB01016; DB01017; DB01032; DB01045; DB01050; DB01051; DB01053; DB01059; DB01060; DB01082; DB01124; DB01140; DB01147; DB01160; DB01165; DB01197; DB01212; DB01237; DB01324; DB01326; DB01327; DB01329; DB01332; DB01333; DB01414; DB01415; DB01424; DB01435; DB01597; DB01606; DB01685; DB02266; DB02315; DB02527; DB03553; DB03585; DB03783; DB04133; DB04348; DB04519; DB06151; DB08843; DB08844; DB08846; DB08912; DB08930; DB09008; DB09078; DB09213; DB09298; DB09299; DB11644; DB11751; DB11757; DB11817; DB11837; DB12243; DB12332; DB12466; DB13874; DB14126; DB15328
1067,ATP-binding cassette sub-family G member 2,ABCG2,4185796,AF103796,Q9UNQ0,ABCG2_HUMAN,"",,ABCG2,HGNC:74,Humans,DB00091; DB00158; DB00175; DB00201; DB00213; DB00220; DB00242; DB00255; DB00285; DB00286; DB00317; DB00338; DB00394; DB00396; DB00398; DB00437; DB00439; DB00444; DB00448; DB00457; DB00470; DB00481; DB00482; DB00495; DB00503; DB00515; DB00526; DB00530; DB00541; DB00544; DB00549; DB00563; DB00602; DB00619; DB00624; DB00631; DB00655; DB00669; DB00675; DB00688; DB00694; DB00698; DB00709; DB00740; DB00762; DB00773; DB00783; DB00795; DB00843; DB00921; DB00958; DB00966; DB00970; DB00973; DB00997; DB01016; DB01030; DB01051; DB01079; DB01094; DB01097; DB01098; DB01129; DB01204; DB01232; DB01234; DB01248; DB01254; DB01268; DB01645; DB01685; DB01708; DB02115; DB02703; DB03467; DB03496; DB04216; DB04348; DB04540; DB04690; DB04868; DB04881; DB05239; DB05294; DB05928; DB06210; DB06228; DB06290; DB06589; DB06605; DB06654; DB06772; DB08828; DB08860; DB08864; DB08880; DB08881; DB08896; DB08901; DB08907; DB08912; DB08916; DB08930; DB08931; DB08934; DB09027; DB09054; DB09061; DB09065; DB09073; DB09074; DB09078; DB09079; DB09102; DB09183; DB09279; DB09291; DB09296; DB09297; DB09299; DB09330; DB11363; DB11581; DB11613; DB11633; DB11644; DB11652; DB11689; DB11712; DB11732; DB11757; DB11760; DB11817; DB11827; DB11855; DB11901; DB11943; DB11952; DB11963; DB11978; DB12001; DB12010; DB12015; DB12026; DB12070; DB12141; DB12267; DB12332; DB12457; DB12483; DB12500; DB12612; DB12887; DB12941; DB13125; DB13874; DB13878; DB13879; DB13943; DB13944; DB13946; DB13952; DB13953; DB13954; DB13955; DB13956; DB14009; DB14011; DB14538; DB14539; DB14540; DB14541; DB14542; DB14543; DB14544; DB14723; DB14962; DB15091; DB15233; DB15328
1069,Canalicular multispecific organic anion transporter 1,ABCC2,1764162,U63970,Q92887,MRP2_HUMAN,"",,ABCC2,HGNC:53,Humans,DB00067; DB00091; DB00116; DB00143; DB00175; DB00177; DB00199; DB00206; DB00207; DB00224; DB00227; DB00252; DB00275; DB00286; DB00300; DB00328; DB00345; DB00365; DB00398; DB00421; DB00439; DB00481; DB00503; DB00515; DB00526; DB00541; DB00563; DB00564; DB00570; DB00602; DB00641; DB00675; DB00688; DB00694; DB00695; DB00698; DB00709; DB00762; DB00773; DB00795; DB00876; DB00908; DB00950; DB00957; DB00958; DB00966; DB00973; DB00977; DB00978; DB00997; DB01016; DB01032; DB01045; DB01076; DB01095; DB01098; DB01115; DB01138; DB01165; DB01169; DB01174; DB01208; DB01229; DB01232; DB01234; DB01248; DB01268; DB01411; DB01586; DB01892; DB02659; DB02703; DB04100; DB04216; DB04348; DB04789; DB06290; DB08860; DB08884; DB08907; DB09060; DB09272; DB09374; DB11770; DB12070; DB14642
1115,Excitatory amino acid transporter 1,SLC1A3,,L19158,P43003,EAA1_HUMAN,"",,SLC1A3,HGNC:10941,Humans,DB08868
1134,Solute carrier family 15 member 2,SLC15A2,999213,S78203,Q16348,S15A2_HUMAN,"",,SLC15A2,HGNC:10921,Humans,DB00178; DB00274; DB00302; DB00415; DB00438; DB00447; DB00456; DB00485; DB00492; DB00493; DB00519; DB00535; DB00542; DB00567; DB00577; DB00671; DB00672; DB00691; DB00713; DB00722; DB00731; DB00781; DB00790; DB00833; DB00855; DB00881; DB01000; DB01016; DB01053; DB01060; DB01112; DB01124; DB01140; DB01147; DB01212; DB01333; DB01340; DB01348; DB01413; DB01415; DB01610; DB03424; DB08795
1140,Ceruloplasmin,CP,180256,M13699,P00450,CERU_HUMAN,1KCW; 2J5W; 4EJX; 4ENZ,,CP,HGNC:2295,Humans,DB06778
1155,Integrin beta-3,ITGB3,306786,J02703,P05106,ITB3_HUMAN,1JV2; 1KUP; 1KUZ; 1L5G; 1M1X; 1M8O; 1MIZ; 1MK7; 1MK9; 1RN0; 1S4X; 1TYE; 1U8C; 2INI; 2K9J; 2KNC; 2KV9; 2L1C; 2L91; 2LJD; 2LJE; 2LJF; 2MTP; 2Q6W; 2RMZ; 2RN0; 2VC2; 2VDK; 2VDL; 2VDM; 2VDN; 2VDO; 2VDP; 2VDQ; 2VDR; 3FCS; 3FCU; 3IJE; 3NID; 3NIF; 3NIG; 3T3M; 3T3P; 3ZDX; 3ZDY; 3ZDZ; 3ZE0; 3ZE1; 3ZE2; 4CAK; 4G1E; 4G1M; 4MMX; 4MMY; 4MMZ; 4O02,,ITGB3,HGNC:6156,Humans,DB15598
1168,ATP-binding cassette sub-family G member 1,ABCG1,1160186,X91249,P45844,ABCG1_HUMAN,"",,ABCG1,HGNC:73,Humans,DB00163
1188,Multidrug resistance-associated protein 4,ABCC4,3335173,AF071202,O15439,MRP4_HUMAN,"",,ABCC4,HGNC:55,Humans,DB00143; DB00158; DB00198; DB00203; DB00286; DB00300; DB00328; DB00352; DB00398; DB00481; DB00482; DB00495; DB00533; DB00544; DB00563; DB00586; DB00661; DB00709; DB00712; DB00718; DB00731; DB00770; DB00814; DB00917; DB00975; DB00999; DB01009; DB01032; DB01033; DB01050; DB01069; DB01076; DB01098; DB01138; DB01268; DB01327; DB01586; DB01708; DB02527; DB02659; DB04348; DB08884; DB09213; DB09299; DB12332; DB13146; DB14126
1204,Equilibrative nucleoside transporter 1,SLC29A1,1845345,U81375,Q99808,S29A1_HUMAN,"",,SLC29A1,HGNC:11003,Humans,DB00432; DB00441; DB00544; DB00811; DB00900; DB00943; DB00987; DB01033; DB01073; DB02745; DB09061; DB09327; DB14009; DB14011
1570,Outer membrane protein F,ompF,147010,J01655,P02931,OMPF_ECOLI,1BT9; 1GFM; 1GFN; 1GFO; 1GFP; 1GFQ; 1HXT; 1HXU; 1HXX; 1MPF; 1OPF; 2OMF; 2ZFG; 2ZLD; 3FYX; 3HW9; 3HWB; 3K19; 3K1B; 3O0E; 3POQ; 3POU; 3POX; 4GCP; 4GCQ; 4GCS; 4JFB; 4LSE; 4LSF; 4LSH; 4LSI,,,,Escherichia coli (strain K12),DB01017; DB13092
2083,Sodium channel protein type 4 subunit alpha,SCN4A,338213,M81758,P35499,SCN4A_HUMAN,"",,SCN4A,HGNC:10591,Humans,DB00586
2182,Choline transporter-like protein 4,SLC44A4,14042044,AK027397,Q53GD3,CTL4_HUMAN,"",,SLC44A4,HGNC:13941,Humans,DB00122; DB14006
2183,Choline transporter-like protein 2,SLC44A2,6996444,AJ245621,Q8IWA5,CTL2_HUMAN,"",,SLC44A2,HGNC:17292,Humans,DB00122; DB14006
2184,Choline transporter-like protein 3,SLC44A3,"",AC093429,Q8N4M1,CTL3_HUMAN,"",,SLC44A3,HGNC:28689,Humans,DB00122; DB14006
2196,Amine oxidase [flavin-containing] B,MAOB,398415,S62734,P27338,AOFB_HUMAN,1GOS; 1H8R; 1OJ9; 1OJA; 1OJC; 1OJD; 1S2Q; 1S2Y; 1S3B; 1S3E; 2BK3; 2BK4; 2BK5; 2BYB; 2C64; 2C65; 2C66; 2C67; 2C70; 2C72; 2C73; 2C75; 2C76; 2V5Z; 2V60; 2V61; 2VRL; 2VRM; 2VZ2; 2XCG; 2XFN; 2XFO; 2XFP; 2XFQ; 2XFU; 3PO7; 3ZYX; 4A79; 4A7A; 4CRT,,MAOB,HGNC:6834,Humans,DB12612
2251,"b(0,+)-type amino acid transporter 1",SLC7A9,5916108,AF141289,P82251,BAT1_HUMAN,"",,SLC7A9,HGNC:11067,Humans,DB00130
2308,Vesicular inhibitory amino acid transporter,SLC32A1,17975777,AY044836,Q9H598,VIAAT_HUMAN,"",,SLC32A1,HGNC:11018,Humans,DB00145
2310,Sodium- and chloride-dependent glycine transporter 2,SLC6A5,4003525,AF085412,Q9Y345,SC6A5_HUMAN,"",,SLC6A5,HGNC:11051,Humans,DB00145
2369,ATP-binding cassette sub-family B member 5,ABCB5,,AY090613,Q2M3G0,ABCB5_HUMAN,"",,ABCB5,HGNC:46,Humans,DB00254; DB00598; DB04948; DB06263; DB08870; DB09183; DB11591; DB11641; DB11691; DB11943; DB12010; DB12267; DB13997
2398,Potassium voltage-gated channel subfamily KQT member 3,KCNQ3,,AF071491,O43525,KCNQ3_HUMAN,,,KCNQ3,HGNC:6297,Humans,DB00586
3109,Antigen peptide transporter 1,TAP1,"",X66401,Q03518,TAP1_HUMAN,1JJ7,,TAP1,HGNC:43,Humans,DB01259
3405,Folate receptor alpha,FOLR1,,M28099,P15328,FOLR1_HUMAN,4KM6; 4KM7; 4KMX; 4LRH,,FOLR1,HGNC:3791,Humans,DB00563
3501,Mucin-1,MUC1,,M21868,P15941,MUC1_HUMAN,1SM3; 2ACM; 2FO4,,MUC1,HGNC:7508,Humans,DB11090
3530,Thiamine transporter 1,SLC19A2,6524689,AF160812,O60779,S19A2_HUMAN,"",,,HGNC:10938,Humans,DB00152
3541,UDP-glucuronosyltransferase 1-1,UGT1A1,184473,M57899,P22309,UD11_HUMAN,"",,,HGNC:12530,Humans,DB04868; DB06589
3546,"Alkaline phosphatase, tissue-nonspecific isozyme",ALPL,28738,X14174,P05186,PPBT_HUMAN,"",,,HGNC:438,Humans,DB00165
3639,Multidrug resistance-associated protein 5,ABCC5,4140698,AF104942,O15440,MRP5_HUMAN,"",,,HGNC:56,Humans,DB00143; DB00203; DB00495; DB00515; DB00544; DB00718; DB00770; DB00917; DB00975; DB01032; DB01033; DB01045; DB01076; DB01138; DB02527
3640,Multidrug resistance-associated protein 6,ABCC6,3928849,AF076622,O95255,MRP6_HUMAN,"",,,HGNC:57,Humans,DB00328; DB00444; DB00515; DB00570; DB00694; DB00773; DB00970; DB00997; DB01032; DB01138
3641,Phosphatidylcholine translocator ABCB4,ABCB4,307181,M23234,P21439,MDR3_HUMAN,"",,,HGNC:45,Humans,DB06207; DB06414
3642,Solute carrier organic anion transporter family member 1A2,SLCO1A2,885978,U21943,P46721,SO1A2_HUMAN,"",,,HGNC:10956,Humans,DB00175; DB00199; DB00220; DB00224; DB00227; DB00253; DB00279; DB00286; DB00291; DB00328; DB00345; DB00390; DB00421; DB00451; DB00468; DB00503; DB00563; DB00584; DB00635; DB00641; DB00655; DB00661; DB00669; DB00728; DB00741; DB00788; DB00860; DB00887; DB00908; DB00917; DB00950; DB00977; DB01009; DB01016; DB01032; DB01045; DB01050; DB01076; DB01092; DB01098; DB01124; DB01137; DB01183; DB01222; DB01232; DB01234; DB01396; DB01583; DB01586; DB01590; DB01611; DB01708; DB02123; DB02659; DB02691; DB03619; DB04348; DB04573; DB04630; DB05804; DB06710; DB08833; DB08834; DB08836; DB08893; DB09213; DB11591; DB11611; DB11753; DB13943; DB13944; DB13946; DB13952; DB13953; DB13954; DB13955; DB13956; DB14538; DB14539; DB14540; DB14541; DB14542; DB14543; DB14544; DB14631; DB14641; DB15566
3643,Ileal sodium/bile acid cotransporter,SLC10A2,595399,U10417,Q12908,NTCP2_HUMAN,"",,,HGNC:10906,Humans,DB00091; DB00577; DB00787; DB01586; DB02123; DB02659; DB03619; DB04348; DB09237
3644,Sodium/bile acid cotransporter,SLC10A1,410214,L21893,Q14973,NTCP_HUMAN,"",,,HGNC:10905,Humans,DB00091; DB00279; DB00286; DB00328; DB00396; DB00624; DB00887; DB00977; DB01032; DB01098; DB01583; DB01586; DB02123; DB02659; DB03619; DB04348; DB06290; DB08860; DB09100; DB13943; DB13944; DB13946
3645,Solute carrier family 22 member 8,SLC22A8,4378059,AF097491,Q8TCC7,S22A8_HUMAN,"",,,HGNC:10972,Humans,DB00139; DB00168; DB00175; DB00198; DB00213; DB00229; DB00253; DB00279; DB00286; DB00300; DB00313; DB00319; DB00328; DB00345; DB00437; DB00448; DB00456; DB00469; DB00493; DB00495; DB00501; DB00535; DB00536; DB00554; DB00563; DB00567; DB00577; DB00583; DB00584; DB00586; DB00595; DB00624; DB00642; DB00650; DB00654; DB00655; DB00695; DB00736; DB00741; DB00759; DB00774; DB00783; DB00787; DB00788; DB00812; DB00833; DB00863; DB00881; DB00887; DB00908; DB00917; DB00927; DB00936; DB00945; DB00950; DB00999; DB01004; DB01009; DB01032; DB01033; DB01045; DB01050; DB01051; DB01053; DB01065; DB01092; DB01098; DB01140; DB01160; DB01212; DB01222; DB01234; DB01261; DB01324; DB01326; DB01327; DB01329; DB01332; DB01414; DB01415; DB01583; DB01597; DB01606; DB01650; DB01685; DB02527; DB02659; DB03553; DB03793; DB03902; DB04133; DB04348; DB04519; DB04855; DB05154; DB05804; DB06211; DB06335; DB06710; DB08837; DB08844; DB08912; DB08930; DB09008; DB09060; DB09078; DB09213; DB09272; DB09299; DB11644; DB11751; DB11817; DB11837; DB11901; DB12070; DB12243; DB12332; DB12377; DB12457; DB12466; DB12866; DB13874; DB13943; DB13944; DB13946; DB13952; DB13953; DB13954; DB13955; DB13956; DB14126; DB14538; DB14539; DB14540; DB14541; DB14542; DB14543; DB14544; DB14568; DB14631
3646,Solute carrier family 22 member 7,SLC22A7,5001689,AF097518,Q9Y694,S22A7_HUMAN,"",,,HGNC:10971,Humans,DB00175; DB00277; DB00313; DB00328; DB00345; DB00437; DB00456; DB00493; DB00495; DB00501; DB00544; DB00563; DB00584; DB00595; DB00624; DB00759; DB00887; DB00917; DB00936; DB00943; DB01004; DB01009; DB01016; DB01017; DB01032; DB01045; DB01160; DB01211; DB01248; DB01303; DB01326; DB01329; DB02527; DB02659; DB03553; DB09327; DB13943; DB13944; DB13946
3647,Solute carrier family 22 member 2,SLC22A2,2281942,X98333,O15244,S22A2_HUMAN,"",,,HGNC:10966,Humans,DB00122; DB00152; DB00184; DB00204; DB00206; DB00264; DB00280; DB00331; DB00345; DB00365; DB00368; DB00396; DB00413; DB00437; DB00448; DB00458; DB00468; DB00495; DB00501; DB00515; DB00526; DB00536; DB00555; DB00571; DB00594; DB00619; DB00668; DB00690; DB00709; DB00758; DB00783; DB00863; DB00907; DB00908; DB00914; DB00915; DB00917; DB00925; DB00927; DB00938; DB00988; DB01018; DB01032; DB01035; DB01043; DB01075; DB01103; DB01114; DB01118; DB01137; DB01151; DB01156; DB01160; DB01199; DB01273; DB01337; DB01580; DB04855; DB05294; DB05381; DB05383; DB06608; DB06637; DB08837; DB08838; DB08839; DB08840; DB08882; DB08930; DB09078; DB09241; DB09343; DB11633; DB11652; DB11817; DB11837; DB11901; DB12001; DB12147; DB12457; DB12598; DB13874; DB13946; DB13952; DB13953; DB13954; DB13955; DB13956; DB14006; DB14754; DB15328
3648,Solute carrier family 22 member 1,SLC22A1,2511670,X98332,O15245,S22A1_HUMAN,"",,,HGNC:10963,Humans,DB00122; DB00127; DB00152; DB00184; DB00206; DB00220; DB00224; DB00238; DB00280; DB00318; DB00331; DB00368; DB00396; DB00406; DB00413; DB00448; DB00457; DB00468; DB00501; DB00520; DB00536; DB00555; DB00590; DB00619; DB00625; DB00661; DB00668; DB00709; DB00728; DB00758; DB00787; DB00863; DB00908; DB00914; DB00915; DB00925; DB00938; DB00983; DB00988; DB01004; DB01018; DB01032; DB01035; DB01114; DB01137; DB01151; DB01199; DB01232; DB01337; DB01621; DB01623; DB03128; DB03566; DB04830; DB04855; DB05381; DB08837; DB08838; DB08882; DB09073; DB09079; DB11642; DB11732; DB11837; DB11963; DB12141; DB12267; DB12332; DB12598; DB13952; DB13953; DB13954; DB13955; DB13956; DB14006
3649,High affinity copper uptake protein 1,SLC31A1,2315987,U83460,O15431,COPT1_HUMAN,2LS2; 2LS3; 2LS4,,,HGNC:11016,Humans,DB00515; DB00526; DB00958; DB09130
3650,Solute carrier family 22 member 3,SLC22A3,3581982,AJ001417,O75751,S22A3_HUMAN,"",,,HGNC:10967,Humans,DB00122; DB00182; DB00184; DB00331; DB00368; DB00396; DB00413; DB00448; DB00457; DB00458; DB00501; DB00526; DB00536; DB00541; DB00575; DB00709; DB00718; DB00762; DB00783; DB00925; DB00938; DB00983; DB00988; DB01035; DB01042; DB01151; DB01577; DB05381; DB08837; DB08838; DB08841; DB08882; DB13943; DB13944; DB13952; DB13953; DB13954; DB13955; DB13956; DB14006
3651,Multidrug resistance-associated protein 7,ABCC10,21103955,AY032599,Q5T3U5,MRP7_HUMAN,"",,,HGNC:52,Humans,DB00091; DB00203; DB00300; DB00441; DB00541; DB00563; DB00661; DB00694; DB00773; DB00783; DB00987; DB00997; DB01229; DB01248; DB04348; DB13952; DB13953; DB13954; DB13955; DB13956
3652,Solute carrier family 22 member 10,SLC22A10,52078132,BK001421,Q63ZE4,S22AA_HUMAN,"",,,HGNC:18057,Humans,DB00286; DB00936; DB01032
3653,Solute carrier organic anion transporter family member 4C1,SLCO4C1,33308060,AF401643,Q6ZQN7,SO4C1_HUMAN,"",,,HGNC:23612,Humans,DB00279; DB00390; DB00451; DB00509; DB00563; DB01092; DB01137; DB01396; DB01583; DB06335
3654,Monocarboxylate transporter 10,SLC16A10,18640047,AB057445,Q8TF71,MOT10_HUMAN,"",,,HGNC:17027,Humans,DB00117; DB00119; DB00120; DB00123; DB00125; DB00128; DB00130; DB00133; DB00134; DB00135; DB00138; DB00142; DB00145; DB00149; DB00150; DB00151; DB00156; DB00160; DB00161; DB00167; DB00172; DB00174; DB00279; DB01235; DB01583; DB01746; DB01786; DB02556; DB02952; DB03107; DB03225; DB03839; DB03929; DB04398; DB06262
3655,Solute carrier organic anion transporter family member 2A1,SLCO2A1,1617590,U70867,Q92959,SO2A1_HUMAN,3MRR,,,HGNC:10955,Humans,DB00119; DB00654; DB00695; DB00770; DB00917; DB01088; DB01160; DB01174; DB01819; DB02056; DB02263; DB03581; DB04398; DB04551; DB04557; DB11753
3656,Solute carrier organic anion transporter family member 4A1,SLCO4A1,6683743,AB031051,Q96BD0,SO4A1_HUMAN,"",,,HGNC:10953,Humans,DB00279; DB00286; DB00451; DB00509; DB00917; DB01053; DB01583; DB04348; DB09100; DB13952; DB13953; DB13954; DB13955; DB13956
3657,Multidrug and toxin extrusion protein 1,SLC47A1,7023138,AK001709,Q96FL8,S47A1_HUMAN,"",,,HGNC:25588,Humans,DB00205; DB00243; DB00331; DB00440; DB00501; DB00536; DB00537; DB00567; DB00661; DB00787; DB00877; DB00879; DB00927; DB01004; DB01018; DB01030; DB01035; DB01043; DB01137; DB01195; DB01203; DB01333; DB04574; DB04948; DB06608; DB08837; DB08840; DB09241; DB09343; DB11652; DB11732; DB11753; DB11757; DB11837; DB11901; DB11978; DB12001; DB12141; DB12267; DB12332; DB12377; DB12457; DB12500; DB12615; DB12887; DB12978; DB13946
3658,ATP-binding cassette sub-family C member 11,ABCC11,15027829,AY040219,Q96J66,ABCCB_HUMAN,"",,,HGNC:14639,Humans,DB00158; DB00286; DB00328; DB00563; DB01032; DB02527; DB04348
3659,Solute carrier organic anion transporter family member 1B3,SLCO1B3,9187497,AJ251506,Q9NPD5,SO1B3_HUMAN,"",,,HGNC:10961,Humans,DB00091; DB00175; DB00177; DB00199; DB00220; DB00227; DB00257; DB00275; DB00279; DB00286; DB00394; DB00396; DB00451; DB00481; DB00503; DB00520; DB00541; DB00563; DB00602; DB00624; DB00641; DB00646; DB00688; DB00783; DB00795; DB00834; DB00932; DB00950; DB00975; DB00976; DB01045; DB01051; DB01072; DB01076; DB01092; DB01095; DB01098; DB01132; DB01149; DB01211; DB01229; DB01248; DB01583; DB01590; DB01601; DB01708; DB02659; DB02691; DB04348; DB04855; DB05239; DB05804; DB05928; DB06176; DB06290; DB06403; DB06772; DB08855; DB08860; DB08861; DB08862; DB08864; DB08884; DB08912; DB09054; DB09065; DB09102; DB09137; DB09142; DB09292; DB09297; DB09298; DB09299; DB11362; DB11575; DB11586; DB11613; DB11753; DB11757; DB11817; DB11855; DB11869; DB11936; DB11942; DB12026; DB12070; DB12332; DB12457; DB12500; DB12941; DB12978; DB13139; DB13153; DB13154; DB13874; DB13878; DB13879; DB13946; DB13952; DB13953; DB13954; DB13955; DB13956; DB14962; DB15328; DB15444
3660,Solute carrier organic anion transporter family member 1C1,SLCO1C1,7839587,AF260704,Q9NYB5,SO1C1_HUMAN,"",,,HGNC:13819,Humans,DB00252; DB00279; DB00286; DB00451; DB00509; DB00563; DB00586; DB00783; DB00917; DB00939; DB01032; DB01092; DB01583; DB04348; DB09100; DB13952; DB13953; DB13954; DB13955; DB13956
3661,Solute carrier organic anion transporter family member 3A1,SLCO3A1,6683741,AB031050,Q9UIG8,SO3A1_HUMAN,"",,,HGNC:10952,Humans,DB00286; DB00345; DB00563; DB00770; DB00917; DB01053; DB01088; DB01160; DB04348; DB06654; DB09100; DB09198
3662,Probable low affinity copper uptake protein 2,SLC31A2,2315989,U83461,O15432,COPT2_HUMAN,"",,,HGNC:11017,Humans,DB00515; DB00958; DB09130
3664,Copper-transporting ATPase 2,ATP7B,551502,U11700,P35670,ATP7B_HUMAN,2ARF; 2EW9; 2KOY; 2LQB; 2ROP,,,HGNC:870,Humans,DB00515; DB00526; DB00958; DB09130
3665,"POU domain, class 5, transcription factor 1",POU5F1,35169,Z11898,Q01860,PO5F1_HUMAN,"",,,HGNC:9221,Humans,DB00368; DB00988
3666,Copper-transporting ATPase 1,ATP7A,179253,L06133,Q04656,ATP7A_HUMAN,1AW0; 1KVI; 1KVJ; 1Q8L; 1S6O; 1S6U; 1Y3J; 1Y3K; 1YJR; 1YJT; 1YJU; 1YJV; 2AW0; 2G9O; 2GA7; 2K1R; 2KIJ; 2KMV; 2KMX; 3CJK,,,HGNC:869,Humans,DB00515; DB00526; DB00958; DB09130
3667,Organic solute transporter subunit alpha,SLC51A,30348899,AY194243,Q86UW1,OSTA_HUMAN,"",,,HGNC:29955,Humans,DB00286; DB00390; DB00917; DB04348
3668,Organic solute transporter subunit beta,SLC51B,30348897,AY194242,Q86UW2,OSTB_HUMAN,"",,,HGNC:29956,Humans,DB00286; DB00390; DB00917; DB04348
3669,Solute carrier family 22 member 16,SLC22A16,24429900,AY145502,Q86VW1,S22AG_HUMAN,"",,,HGNC:20302,Humans,DB00583; DB00997
3670,ATP-binding cassette sub-family A member 5,ABCA5,17223620,AY028897,Q8WWZ7,ABCA5_HUMAN,"",,,HGNC:35,Humans,DB00864
3671,ATP-binding cassette sub-family A member 3,ABCA3,1699038,U78735,Q99758,ABCA3_HUMAN,"",,,HGNC:33,Humans,DB00619
3672,Solute carrier family 28 member 3,SLC28A3,10732815,AF305210,Q9HAS3,S28A3_HUMAN,"",,,HGNC:16484,Humans,DB00242; DB00441; DB00640; DB00811; DB00993; DB01033; DB01073; DB04335; DB04485; DB09327
3673,"ATP-binding cassette sub-family B member 8, mitochondrial",ABCB8,4321407,AF047690,Q9NUT2,ABCB8_HUMAN,"",,,HGNC:49,Humans,DB00997
3941,Membrane protein,ompC,166079762,EU372012,Q9K597,Q9K597_ECOLX,2XE2; 2XE3; 2XE5; 2XG6,,,,Escherichia coli,DB13092
3949,Ammonium transporter Rh type C,RHCG,6625732,AF193809,Q9UBD6,RHCG_HUMAN,3HD6,,,HGNC:18140,Humans,DB09326
4172,Colicin I receptor,cirA,145544,J04229,P17315,CIRA_ECOLI,2HDF; 2HDI,,,,Escherichia coli (strain K12),DB14879
4522,"Inositol 1,4,5-trisphosphate receptor type 1",ITPR1,,,Q14643,ITPR1_HUMAN,"",,,HGNC:6180,Humans,DB11590
4624,Transient receptor potential cation channel subfamily M member 7,TRPM7,,,Q96QT4,TRPM7_HUMAN,"",,,HGNC:17994,Humans,DB09481; DB14513
4675,Electrogenic sodium bicarbonate cotransporter 1,SLC4A4,,,Q9Y6R1,S4A4_HUMAN,"",,,HGNC:11030,Humans,DB01390
4676,Sodium bicarbonate cotransporter 3,SLC4A7,,,Q9Y6M7,S4A7_HUMAN,"",,,HGNC:11033,Humans,DB01390
4677,Electrogenic sodium bicarbonate cotransporter 4,SLC4A5,,,Q9BY07,S4A5_HUMAN,"",,,HGNC:18168,Humans,DB01390
4680,Electroneutral sodium bicarbonate exchanger 1,SLC4A8,,,Q2Y0W8,S4A8_HUMAN,"",,,HGNC:11034,Humans,DB01390
4683,Sodium-driven chloride bicarbonate exchanger,SLC4A10,,,Q6U841,S4A10_HUMAN,"",,,HGNC:13811,Humans,DB01390
4690,Gastric intrinsic factor,GIF,,,P27352,IF_HUMAN,2CKT; 2PMV; 3KQ4,,,HGNC:4268,Humans,DB00115
4691,Urea transporter 2,SLC14A2,,,Q15849,UT2_HUMAN,"",,,HGNC:10919,Humans,DB03904
4692,Urea transporter 1,SLC14A1,,,Q13336,UT1_HUMAN,"",,,HGNC:10918,Humans,DB03904
4704,Proton-coupled amino acid transporter 2,SLC36A2,,,Q495M3,S36A2_HUMAN,"",,,HGNC:18762,Humans,DB00260
4705,Sodium/nucleoside cotransporter 1,SLC28A1,,,O00337,S28A1_HUMAN,"",,,HGNC:11001,Humans,DB00432; DB00441; DB00495; DB00649; DB09327
4706,Equilibrative nucleoside transporter 2,SLC29A2,,,Q14542,S29A2_HUMAN,"",,,HGNC:11004,Humans,DB00432; DB00441; DB00495; DB00900; DB00943; DB00993; DB01033; DB09327
4707,"Solute carrier family 2, facilitated glucose transporter member 3",SLC2A3,,,P11169,GTR3_HUMAN,4ZW9; 4ZWB; 4ZWC; 5C65,,,HGNC:11007,Humans,DB00126; DB01914; DB09341; DB09502
4708,Sodium-coupled monocarboxylate transporter 1,SLC5A8,,,Q8N695,SC5A8_HUMAN,"",,,HGNC:19119,Humans,DB00121; DB00627; DB01762; DB08872; DB08949
4710,Solute carrier family 10 member 6,SLC10A6,,,Q3KNW5,SOAT_HUMAN,"",,,HGNC:30603,Humans,DB02789; DB05804
4711,Folate transporter 1,SLC19A1,,,P41440,S19A1_HUMAN,"",,,HGNC:10937,Humans,DB00563; DB01157; DB06813; DB11256
4733,Sodium- and chloride-dependent GABA transporter 3,SLC6A11,,,P48066,S6A11_HUMAN,"",,,HGNC:11044,Humans,DB00349
4750,ATP-binding cassette sub-family G member 5,ABCG5,,,Q9H222,ABCG5_HUMAN,"",,,HGNC:13886,Humans,DB11635
4751,ATP-binding cassette sub-family G member 8,ABCG8,,,Q9H221,ABCG8_HUMAN,"",,,HGNC:13887,Humans,DB11635
4752,Multidrug and toxin extrusion protein 2,SLC47A2,,,Q86VL8,S47A2_HUMAN,"",,,HGNC:26439,Humans,DB00205; DB00243; DB00331; DB00440; DB00501; DB00536; DB00537; DB00661; DB00787; DB01004; DB01030; DB01035; DB01137; DB01203; DB04574; DB06608; DB08840; DB09241; DB11652; DB11732; DB11757; DB11817; DB11901; DB11978; DB12001; DB12267; DB12332; DB12377; DB12483; DB12500; DB12615; DB12887; DB12978; DB14962
4753,Sodium/glucose cotransporter 2,SLC5A2,,,P31639,SC5A2_HUMAN,"",,,HGNC:11037,Humans,DB01914
4754,Sodium/glucose cotransporter 1,SLC5A1,,,P13866,SC5A1_HUMAN,"",,,HGNC:11036,Humans,DB00766; DB01914; DB09341
4769,Y+L amino acid transporter 1,SLC7A7,,,Q9UM01,YLAT1_HUMAN,"",,,HGNC:11065,Humans,DB00130; DB08838
4770,RalA-binding protein 1,RALBP1,,,Q15311,RBP1_HUMAN,2KWH; 2KWI; 2MBG,,,HGNC:9841,Humans,DB00398; DB00541; DB00564; DB00997
4775,Equilibrative nucleoside transporter 4,SLC29A4,,,Q7RTT9,S29A4_HUMAN,"",,,HGNC:23097,Humans,DB00331
4781,Sodium/nucleoside cotransporter 2,SLC28A2,,,O43868,S28A2_HUMAN,"",,,HGNC:11002,Humans,DB01033; DB09327
4782,Solute carrier family 22 member 12,SLC22A12,,,Q96S37,S22AC_HUMAN,"",,,HGNC:17989,Humans,DB00678; DB00870; DB01032; DB12466
4783,"Solute carrier family 2, facilitated glucose transporter member 9",SLC2A9,,,Q9NRM0,GTR9_HUMAN,"",,,HGNC:13446,Humans,DB00678; DB01032; DB01914; DB08844; DB09341; DB09502
4785,Solute carrier family 22 member 21,Slc22a21,,,Q9WTN6,S22AL_MOUSE,"",,,,Mouse,DB08842
4796,Transferrin receptor protein 1,TFRC,,,P02786,TFR1_HUMAN,1CX8; 1DE4; 1SUV; 2NSU; 3KAS; 3S9L; 3S9M; 3S9N,,,HGNC:11763,Humans,DB05260; DB06784; DB15617
4797,Transferrin receptor protein 2,TFR2,,,Q9UP52,TFR2_HUMAN,,,,HGNC:11762,Humans,DB05260; DB06784; DB15617
4821,"POU domain, class 2, transcription factor 2",POU2F2,,,P09086,PO2F2_HUMAN,1HDP,,,HGNC:9213,Humans,DB01203; DB11757; DB12500
677,5'-AMP-activated protein kinase catalytic subunit alpha-1,PRKAA1,4115829,AB022017,Q13131,AAPK1_HUMAN,4RED; 4RER; 4REW,,PRKAA1,HGNC:9376,Humans,DB00273
4843,5'-AMP-activated protein kinase catalytic subunit alpha-2,PRKAA2,,,P54646,AAPK2_HUMAN,2H6D; 2LTU; 2YZA; 3AQV; 4CFE; 4CFF,,,HGNC:9377,Humans,DB00273
254,5'-AMP-activated protein kinase subunit beta-1,PRKAB1,2916800,AJ224515,Q9Y478,AAKB1_HUMAN,4CFE; 4CFF,,PRKAB1,HGNC:9378,Humans,DB00273
774,5'-AMP-activated protein kinase subunit beta-2,PRKAB2,2916802,AJ224538,O43741,AAKB2_HUMAN,2F15; 2V8Q; 2V92; 2V9J; 2Y8L; 2Y8Q; 2YA3; 4CFH; 4EAI; 4EAJ; 4RER; 4REW,,PRKAB2,HGNC:9379,Humans,DB00273
4844,5'-AMP-activated protein kinase subunit gamma-1,PRKAG1,,,P54619,AAKG1_HUMAN,2UV4; 2UV5; 2UV6; 2UV7; 4CFE; 4CFF; 4RER; 4REW,,,HGNC:9385,Humans,DB00273
4845,5'-AMP-activated protein kinase subunit gamma-2,PRKAG2,,,Q9UGJ0,AAKG2_HUMAN,"",,,HGNC:9386,Humans,DB00273
4846,5'-AMP-activated protein kinase subunit gamma-3,PRKAG3,,,Q9UGI9,AAKG3_HUMAN,"",,,HGNC:9387,Humans,DB00273
4980,Sodium-dependent phosphate transporter 1,SLC20A1,,,Q8WUM9,S20A1_HUMAN,"",,,HGNC:10946,Humans,DB09449; DB11348; DB14481; DB14502; DB14503
5027,Transient receptor potential cation channel subfamily V member 6,TRPV6,,,Q9H1D0,TRPV6_HUMAN,"",,,HGNC:14006,Humans,DB11093; DB11348; DB14481
5037,Transient receptor potential cation channel subfamily V member 5,TRPV5,,,Q9NQA5,TRPV5_HUMAN,"",,,HGNC:3145,Humans,DB11093; DB11348; DB14481
5051,Transient receptor potential cation channel subfamily M member 6,TRPM6,,,Q9BX84,TRPM6_HUMAN,"",,,HGNC:17995,Humans,DB09481; DB14513
5141,"Solute carrier family 2, facilitated glucose transporter member 5",SLC2A5,,,P22732,GTR5_HUMAN,1YG1,,,HGNC:11010,Humans,DB01914; DB09344; DB09502
5142,"Solute carrier family 2, facilitated glucose transporter member 6",SLC2A6,,,Q9UGQ3,GTR6_HUMAN,"",,,HGNC:11011,Humans,DB01914; DB09341; DB09502
5143,"Solute carrier family 2, facilitated glucose transporter member 7",SLC2A7,,,Q6PXP3,GTR7_HUMAN,1YG7,,,HGNC:13445,Humans,DB01914; DB09341; DB09502
5144,"Solute carrier family 2, facilitated glucose transporter member 8",SLC2A8,,,Q9NY64,GTR8_HUMAN,"",,,HGNC:13812,Humans,DB01914; DB09341; DB09502
5145,"Solute carrier family 2, facilitated glucose transporter member 10",SLC2A10,,,O95528,GTR10_HUMAN,"",,,HGNC:13444,Humans,DB01914; DB09341; DB09502
5146,"Solute carrier family 2, facilitated glucose transporter member 11",SLC2A11,,,Q9BYW1,GTR11_HUMAN,"",,,HGNC:14239,Humans,DB01914; DB09341; DB09502
5147,"Solute carrier family 2, facilitated glucose transporter member 12",SLC2A12,,,Q8TD20,GTR12_HUMAN,"",,,HGNC:18067,Humans,DB01914; DB09341; DB09502
5220,Ryanodine receptor 2,RYR2,,,Q92736,RYR2_HUMAN,4JKQ,,,HGNC:10484,Humans,DB11093; DB11348; DB14481
5221,Ryanodine receptor 3,RYR3,,,Q15413,RYR3_HUMAN,4ERV,,,HGNC:10485,Humans,DB11093; DB11348; DB14481
5461,Selenoprotein P,SEPP1,,,P49908,SEPP1_HUMAN,"",,,HGNC:10751,Humans,DB11127
5893,Apolipoprotein B receptor,APOBR,,,Q0VD83,APOBR_HUMAN,"",,,HGNC:24087,Humans,DB11251; DB11635; DB14003
7255,Lactoferrin,,,,Q19KS1,Q19KS1_BOVIN,"",,,,Bos taurus,DB06784
8267,Glypican-1,GPC1,,,G3X745,GPC1_BOVIN,"",,,,Bos taurus,DB06824
3544,UDP-glucuronosyltransferase 1-4,UGT1A4,184475,M57951,P22310,UD14_HUMAN,"",,,HGNC:12536,Humans,DB09296
8767,Vesicle monoamine transporter type 2,VMAT2,,,Q99870,Q99870_HUMAN,"",,,,Humans,DB09363
8800,Solute carrier family 41 member 3,SLC41A3,,,Q96GZ6,S41A3_HUMAN,"",,,HGNC:31046,Humans,DB09481; DB14513
8801,Metal transporter CNNM2,CNNM2,,,Q9H8M5,CNNM2_HUMAN,4IY0; 4IY2; 4IY4; 4IYS,,,HGNC:103,Humans,DB09481
8803,"Tricarboxylate transport protein, mitochondrial",SLC25A1,,,P53007,TXTP_HUMAN,"",,,HGNC:10979,Humans,DB09154
8804,Solute carrier family 13 member 5,SLC13A5,,,Q86YT5,S13A5_HUMAN,"",,,HGNC:23089,Humans,DB09154
8805,Mitochondrial 2-oxodicarboxylate carrier,SLC25A21,,,Q9BQT8,ODC_HUMAN,"",,,HGNC:14411,Humans,DB09154
8807,Sodium-dependent phosphate transporter 2,SLC20A2,,,Q08357,S20A2_HUMAN,"",,,HGNC:10947,Humans,DB09449; DB11348; DB14481; DB14502; DB14503
8808,Sodium-dependent phosphate transport protein 2A,SLC34A1,,,Q06495,NPT2A_HUMAN,"",,,HGNC:11019,Humans,DB09449; DB11348; DB14481; DB14502; DB14503
8809,Sodium-dependent phosphate transport protein 2B,SLC34A2,,,O95436,NPT2B_HUMAN,"",,,HGNC:11020,Humans,DB09449; DB11348; DB14481; DB14502; DB14503
8810,Sodium-dependent phosphate transport protein 2C,SLC34A3,,,Q8N130,NPT2C_HUMAN,"",,,HGNC:20305,Humans,DB09449; DB11348; DB14481; DB14502; DB14503
8812,Natural resistance-associated macrophage protein 2,SLC11A2,,,P49281,NRAM2_HUMAN,5F0L; 5F0M; 5F0P,,,HGNC:10908,Humans,DB06796; DB09130; DB13257; DB15598
8849,Polycystic kidney disease 2-like 1 protein,PKD2L1,,,Q9P0L9,PK2L1_HUMAN,3TE3; 4GIF,,,HGNC:9011,Humans,DB11093; DB11348; DB14481
8850,Polycystic kidney disease protein 1-like 3,PKD1L3,,,Q7Z443,PK1L3_HUMAN,"",,,HGNC:21716,Humans,DB11093; DB11348; DB14481
8851,Cation channel sperm-associated protein 1,CATSPER1,,,Q8NEC5,CTSR1_HUMAN,"",,,HGNC:17116,Humans,DB11093; DB11348; DB14481
430,Voltage-dependent L-type calcium channel subunit alpha-1C,CACNA1C,"",M92270,Q13936,CAC1C_HUMAN,1T0J; 2BE6; 2F3Y; 2F3Z; 2LQC; 3G43; 3OXQ,,CACNA1C,HGNC:1390,Humans,DB11093; DB11348; DB14481
2359,Voltage-dependent L-type calcium channel subunit alpha-1D,CACNA1D,179764,M76558,Q01668,CAC1D_HUMAN,3LV3,,CACNA1D,HGNC:1391,Humans,DB11093; DB11348; DB14481
2357,Voltage-dependent L-type calcium channel subunit alpha-1F,CACNA1F,3183953,AJ006216,O60840,CAC1F_HUMAN,"",,CACNA1F,HGNC:1393,Humans,DB11093; DB11348; DB14481
2355,Voltage-dependent L-type calcium channel subunit alpha-1S,CACNA1S,1698403,U30707,Q13698,CAC1S_HUMAN,2VAY,,CACNA1S,HGNC:1397,Humans,DB11093; DB11348; DB14481
303,Voltage-dependent L-type calcium channel subunit beta-1,CACNB1,179806,M92303,Q02641,CACB1_HUMAN,"",,CACNB1,HGNC:1401,Humans,DB11093; DB11348; DB14481
2354,Voltage-dependent L-type calcium channel subunit beta-2,CACNB2,300417,S60415,Q08289,CACB2_HUMAN,"",,CACNB2,HGNC:1402,Humans,DB11093; DB11348; DB14481
2358,Voltage-dependent L-type calcium channel subunit beta-3,CACNB3,435135,X76555,P54284,CACB3_HUMAN,"",,CACNB3,HGNC:1403,Humans,DB11093; DB11348; DB14481
2356,Voltage-dependent L-type calcium channel subunit beta-4,CACNB4,2058727,U95020,O00305,CACB4_HUMAN,1VYV; 2D46,,CACNB4,HGNC:1404,Humans,DB11093; DB11348; DB14481
356,Voltage-dependent P/Q-type calcium channel subunit alpha-1A,CACNA1A,2213913,AF004884,O00555,CAC1A_HUMAN,3BXK,,CACNA1A,HGNC:1388,Humans,DB11093; DB11348; DB14481
483,Voltage-dependent T-type calcium channel subunit alpha-1G,CACNA1G,6625659,AF134986,O43497,CAC1G_HUMAN,"",,CACNA1G,HGNC:1394,Humans,DB11093; DB11348; DB14481
864,Voltage-dependent T-type calcium channel subunit alpha-1H,CACNA1H,14670397,AF051946,O95180,CAC1H_HUMAN,"",,CACNA1H,HGNC:1395,Humans,DB11093; DB11348; DB14481
12,Voltage-dependent T-type calcium channel subunit alpha-1I,CACNA1I,5565888,AF129133,Q9P0X4,CAC1I_HUMAN,"",,CACNA1I,HGNC:1396,Humans,DB11093; DB11348; DB14481
356,Voltage-dependent P/Q-type calcium channel subunit alpha-1A,CACNA1A,2213913,AF004884,O00555,CAC1A_HUMAN,3BXK,,CACNA1A,HGNC:1388,Humans,DB11093; DB11348; DB14481
5024,Voltage-dependent R-type calcium channel subunit alpha-1E,CACNA1E,,,Q15878,CAC1E_HUMAN,3BXL,,,HGNC:1392,Humans,DB11093; DB11348; DB14481
9160,Sodium- and chloride-dependent taurine transporter,SLC6A6,,,P31641,SC6A6_HUMAN,"",,,HGNC:11052,Humans,DB01956
9309,Sodium/iodide cotransporter,SLC5A5,,,Q92911,SC5A5_HUMAN,"",,,HGNC:11040,Humans,DB05382
9327,Sodium/myo-inositol cotransporter,SLC5A3,,,P53794,SC5A3_HUMAN,"",,,HGNC:11038,Humans,DB13178
349,Potassium-transporting ATPase alpha chain 1,ATP4A,561634,J05451,P20648,ATP4A_HUMAN,"",,ATP4A,HGNC:819,Humans,DB13620
619,Potassium-transporting ATPase subunit beta,ATP4B,184105,M75110,P51164,ATP4B_HUMAN,"",,ATP4B,HGNC:820,Humans,DB13620
9574,Solute carrier family 12 member 5,Slc12a5,,,Q91V14,S12A5_MOUSE,,,,,Mouse,DB01216
9577,Synaptic vesicular amine transporter,Slc18a2,,,Q8BRU6,VMAT2_MOUSE,,,,,Mouse,DB01126
9580,Sodium-dependent dopamine transporter,Slc6a3,,,Q61327,SC6A3_MOUSE,,,,,Mouse,DB01126
9598,B-cell antigen receptor complex-associated protein beta chain,CD79B,,,P40259,CD79B_HUMAN,3KG5,,,HGNC:1699,Humans,DB12240
9668,Bacitracin transport ATP-binding protein BcrA,bcrA,,,P42332,BCRA_BACLI,,,,,Bacillus licheniformis,DB00626
9671,Bacitracin transport permease protein BCRB,bcrB,,,P42333,BCRB_BACLI,,,,,Bacillus licheniformis,DB00626
9674,Bacitracin transport permease protein BcrC,bcrC,,,P42334,BCRC_BACLI,,,,,Bacillus licheniformis,DB00626
9680,"POU domain, class 2, transcription factor 1",POU2F1,,,P14859,PO2F1_HUMAN,1CQT; 1E3O; 1GT0; 1HF0; 1O4X; 1OCT; 1POG; 1POU,,,HGNC:9212,Humans,DB01203
9938,ABC multidrug transporter MDR2,MDR2,,,A0A059JJ46,MDR2_TRIIM,,,,,Trichophyton interdigitale (strain MR816),DB00857
1779,Multidrug resistance protein MexA,mexA,438853,L11616,P52477,MEXA_PSEAE,1T5E; 1VF7; 2V4D; 4DK1,,,,Pseudomonas aeruginosa (strain ATCC 15692 / PAO1 / 1C / PRS 101 / LMG 12228),DB14879
9972,Multidrug resistance protein MexB,mexB,,,P52002,MEXB_PSEAE,2V50; 3W9I; 3W9J; 6IIA; 6IOK; 6IOL,,,,Pseudomonas aeruginosa (strain ATCC 15692 / PAO1 / 1C / PRS 101 / LMG 12228),DB14879
9975,Outer membrane protein OprM,oprM,,,Q51487,OPRM_PSEAE,1WP1; 3D5K; 4Y1K; 6IOK; 6IOL,,,,Pseudomonas aeruginosa (strain ATCC 15692 / PAO1 / 1C / PRS 101 / LMG 12228),DB14879
9978,Catecholate siderophore receptor Fiu,fiu,,,P75780,FIU_ECOLI,6BPM; 6BPN; 6BPO,,,,Escherichia coli (strain K12),DB14879
9984,Putative outer membrane ferric siderophore receptor,piuA,,,A0A0H2ZGX7,A0A0H2ZGX7_PSEAB,,,,,Pseudomonas aeruginosa (strain UCBPP-PA14),DB14879
9987,Transient receptor potential cation channel subfamily M member 3,TRPM3,,,Q9HCF6,TRPM3_HUMAN,,,,HGNC:17992,Humans,DB00794
9993,Solute carrier family 43 member 3,SLC43A3,,,Q8NBI5,S43A3_HUMAN,,,,HGNC:17466,Humans,DB00993
10102,Outer membrane porin C,ompC,,,P06996,OMPC_ECOLI,2J1N; 2J4U; 2ZLE; 4A8D,,,,Escherichia coli (strain K12),DB01017
10111,Solute carrier family 40 member 1,SLC40A1,,,Q9NP59,S40A1_HUMAN,,,,HGNC:10909,Humans,DB13257
10119,Claudin-16,CLDN16,,,Q9Y5I7,CLD16_HUMAN,,,,HGNC:2037,Humans,DB14513
10125,Solute carrier family 41 member 1,SLC41A1,,,Q8IVJ1,S41A1_HUMAN,,,,HGNC:19429,Humans,DB14513
10128,"Magnesium transporter MRS2 homolog, mitochondrial",MRS2,,,Q9HD23,MRS2_HUMAN,,,,HGNC:13785,Humans,DB14513
10140,Solute carrier family 23 member 2,SLC23A2,,,Q9UGH3,S23A2_HUMAN,,,,HGNC:10973,Humans,DB00126
10143,Sodium-coupled neutral amino acid transporter 1,SLC38A1,,,Q9H2H9,S38A1_HUMAN,,,,HGNC:13447,Humans,DB00130
10146,Sodium-coupled neutral amino acid transporter 2,SLC38A2,,,Q96QD8,S38A2_HUMAN,,,,HGNC:13448,Humans,DB00130
10149,Y+L amino acid transporter 2,SLC7A6,,,Q92536,YLAT2_HUMAN,,,,HGNC:11064,Humans,DB00130
10155,Pendrin,SLC26A4,,,O43511,S26A4_HUMAN,,,,HGNC:8818,Humans,DB05382
10167,Receptor for retinol uptake STRA6,STRA6,,,Q9BX79,STRA6_HUMAN,,,,HGNC:30650,Humans,DB00162
10179,Zinc transporter ZIP10,SLC39A10,,,Q9ULF5,S39AA_HUMAN,,,,HGNC:20861,Humans,DB14533; DB14548
10182,Zinc transporter 7,SLC30A7,,,Q8NEW0,ZNT7_HUMAN,,,,HGNC:19306,Humans,DB14533; DB14548
10185,Zinc transporter 4,SLC30A4,,,O14863,ZNT4_HUMAN,,,,HGNC:11015,Humans,DB14533; DB14548
10188,Zinc transporter ZIP6,SLC39A6,,,Q13433,S39A6_HUMAN,,,,HGNC:18607,Humans,DB14533; DB14548
10191,Zinc transporter ZIP5,SLC39A5,,,Q6ZMH5,S39A5_HUMAN,,,,HGNC:20502,Humans,DB14533; DB14548
10194,Zinc transporter ZIP2,SLC39A2,,,Q9NP94,S39A2_HUMAN,,,,HGNC:17127,Humans,DB14533; DB14548
10197,Zinc transporter 9,SLC30A9,,,Q6PML9,ZNT9_HUMAN,2ENK,,,HGNC:1329,Humans,DB14533; DB14548
10200,Zinc transporter 1,SLC30A1,,,Q9Y6M5,ZNT1_HUMAN,,,,HGNC:11012,Humans,DB14533; DB14548
10203,Zinc transporter 2,SLC30A2,,,Q9BRI3,ZNT2_HUMAN,,,,HGNC:11013,Humans,DB14533; DB14548
10206,Zinc transporter SLC39A7,SLC39A7,,,Q92504,S39A7_HUMAN,,,,HGNC:4927,Humans,DB14533; DB14548
10209,Zinc transporter ZIP4,SLC39A4,,,Q6P5W5,S39A4_HUMAN,,,,HGNC:17129,Humans,DB14533; DB14548
10212,Zinc transporter 3,SLC30A3,,,Q99726,ZNT3_HUMAN,,,,HGNC:11014,Humans,DB14533; DB14548
10215,Zinc transporter 8,SLC30A8,,,Q8IWU4,ZNT8_HUMAN,,,,HGNC:20303,Humans,DB14533; DB14548
10218,Zinc transporter ZIP12,SLC39A12,,,Q504Y0,S39AC_HUMAN,,,,HGNC:20860,Humans,DB14533; DB14548
10221,Zinc transporter 5,SLC30A5,,,Q8TAD4,ZNT5_HUMAN,,,,HGNC:19089,Humans,DB14533; DB14548
10224,Zinc transporter 10,SLC30A10,,,Q6XR72,ZNT10_HUMAN,,,,HGNC:25355,Humans,DB14533; DB14548
10227,Zinc transporter ZIP13,SLC39A13,,,Q96H72,S39AD_HUMAN,,,,HGNC:20859,Humans,DB14533; DB14548
10230,Zinc transporter ZIP8,SLC39A8,,,Q9C0K1,S39A8_HUMAN,,,,HGNC:20862,Humans,DB14533; DB14548
10233,Zinc transporter ZIP1,SLC39A1,,,Q9NY26,S39A1_HUMAN,,,,HGNC:12876,Humans,DB14533; DB14548
10236,Zinc transporter ZIP14,SLC39A14,,,Q15043,S39AE_HUMAN,,,,HGNC:20858,Humans,DB14533; DB14548
10239,Zinc transporter ZIP3,SLC39A3,,,Q9BRY0,S39A3_HUMAN,,,,HGNC:17128,Humans,DB14533; DB14548
10242,Zinc transporter ZIP9,SLC39A9,,,Q9NUM3,S39A9_HUMAN,,,,HGNC:20182,Humans,DB14533; DB14548
10245,Zinc transporter ZIP11,SLC39A11,,,Q8N1S5,S39AB_HUMAN,,,,HGNC:14463,Humans,DB14533; DB14548
10248,Zinc transporter 6,SLC30A6,,,Q6NXT4,ZNT6_HUMAN,,,,HGNC:19305,Humans,DB14533; DB14548
